"0","library(tidyverse)
"
"2","Registered S3 methods overwritten by 'dbplyr':
  method         from
  print.tbl_lazy     
  print.tbl_sql      
"
"2","[30m-- [1mAttaching packages[22m --------------------------------------------- tidyverse 1.3.0 --[39m
"
"2","[30m[32m<U+221A>[30m [34mggplot2[30m 3.3.2     [32m<U+221A>[30m [34mpurrr  [30m 0.3.4
[32m<U+221A>[30m [34mtibble [30m 3.0.4     [32m<U+221A>[30m [34mdplyr  [30m 1.0.2
[32m<U+221A>[30m [34mtidyr  [30m 1.1.2     [32m<U+221A>[30m [34mstringr[30m 1.4.0
[32m<U+221A>[30m [34mreadr  [30m 1.4.0     [32m<U+221A>[30m [34mforcats[30m 0.5.0[39m
"
"2","[30m-- [1mConflicts[22m ------------------------------------------------ tidyverse_conflicts() --
[31mx[30m [34mdplyr[30m::[32mfilter()[30m masks [34mstats[30m::filter()
[31mx[30m [34mdplyr[30m::[32mlag()[30m    masks [34mstats[30m::lag()[39m
"
"0","library(skimr)"
"2","Registered S3 methods overwritten by 'htmltools':
  method               from         
  print.html           tools:rstudio
  print.shiny.tag      tools:rstudio
  print.shiny.tag.list tools:rstudio
"
"0","library(Hmisc)"
"2","Loading required package: lattice
"
"2","Loading required package: survival
"
"2","Loading required package: Formula
"
"2","Registered S3 method overwritten by 'htmlwidgets':
  method           from         
  print.htmlwidget tools:rstudio
"
"2","
Attaching package: ‘Hmisc’

"
"2","The following objects are masked from ‘package:dplyr’:

    src, summarize

"
"2","The following objects are masked from ‘package:base’:

    format.pval, units

"
"0","library( RColorBrewer )"
"0","library(cowplot)"
"0","library(data.table)"
"2","data.table 1.13.2 using 2 threads (see ?getDTthreads).  Latest news: r-datatable.com
"
"2","
Attaching package: ‘data.table’

"
"2","The following objects are masked from ‘package:dplyr’:

    between, first, last

"
"2","The following object is masked from ‘package:purrr’:

    transpose

"
"0","library(rattle)"
"2","Loading required package: bitops
"
"2","Rattle: A free graphical interface for data science with R.
Version 5.4.0 Copyright (c) 2006-2020 Togaware Pty Ltd.
Type 'rattle()' to shake, rattle, and roll your data.
"
"0","library(caret)"
"2","
Attaching package: ‘caret’

"
"2","The following object is masked from ‘package:survival’:

    cluster

"
"2","The following object is masked from ‘package:purrr’:

    lift

"
"0","library(ranger)"
"2","
Attaching package: ‘ranger’

"
"2","The following object is masked from ‘package:rattle’:

    importance

"
"0","library(knitr)"
"0","library(kableExtra)"
"2","
Attaching package: ‘kableExtra’

"
"2","The following object is masked from ‘package:dplyr’:

    group_rows

"
"0","library(xtable)"
"2","
Attaching package: ‘xtable’

"
"2","The following objects are masked from ‘package:Hmisc’:

    label, label<-

"
"0","library(rpart)"
"0","library(pdp)"
"2","
Attaching package: ‘pdp’

"
"2","The following object is masked from ‘package:purrr’:

    partial

"
